id_piloto,data_nasc_piloto,nacionalidade_piloto,nome_piloto
1,1985-01-07,British,Lewis Hamilton
2,1977-05-10,German,Nick Heidfeld
3,1985-06-27,German,Nico Rosberg
4,1981-07-29,Spanish,Fernando Alonso
5,1981-10-19,Finnish,Heikki Kovalainen
6,1985-01-11,Japanese,Kazuki Nakajima
7,1979-02-28,French,Sébastien Bourdais
8,1979-10-17,Finnish,Kimi Räikkönen
9,1984-12-07,Polish,Robert Kubica
10,1982-03-18,German,Timo Glock
11,1977-01-28,Japanese,Takuma Sato
12,1985-07-25,Brazilian,Nelson Piquet Jr.
13,1981-04-25,Brazilian,Felipe Massa
14,1971-03-27,British,David Coulthard
15,1974-07-13,Italian,Jarno Trulli
16,1983-01-11,German,Adrian Sutil
17,1976-08-27,Australian,Mark Webber
18,1980-01-19,British,Jenson Button
19,1979-04-18,British,Anthony Davidson
20,1987-07-03,German,Sebastian Vettel
21,1973-01-14,Italian,Giancarlo Fisichella
22,1972-05-23,Brazilian,Rubens Barrichello
23,1975-06-30,German,Ralf Schumacher
24,1980-08-06,Italian,Vitantonio Liuzzi
25,1974-02-15,Austrian,Alexander Wurz
26,1983-01-24,American,Scott Speed
27,1979-04-16,Dutch,Christijan Albers
28,1980-06-13,German,Markus Winkelhock
29,1982-07-09,Japanese,Sakon Yamamoto
30,1969-01-03,German,Michael Schumacher
31,1975-09-20,Colombian,Juan Pablo Montoya
32,1983-02-07,Austrian,Christian Klien
33,1976-07-24,Portuguese,Tiago Monteiro
34,1975-01-21,Japanese,Yuji Ide
35,1971-04-09,Canadian,Jacques Villeneuve
36,1978-01-05,French,Franck Montagny
37,1971-02-24,Spanish,Pedro de la Rosa
38,1981-09-23,Dutch,Robert Doornbos
39,1977-01-14,Indian,Narain Karthikeyan
40,1980-09-26,Austrian,Patrick Friesacher
41,1976-03-23,Brazilian,Ricardo Zonta
42,1980-09-11,Brazilian,Antônio Pizzonia
43,1973-09-19,Brazilian,Cristiano da Matta
44,1966-09-02,French,Olivier Panis
45,1979-02-04,Italian,Giorgio Pantano
46,1981-05-30,Italian,Gianmaria Bruni
47,1981-01-01,Hungarian,Zsolt Baumgartner
48,1974-03-29,Spanish,Marc Gené
49,1967-05-18,German,Heinz-Harald Frentzen
50,1972-03-04,Dutch,Jos Verstappen
51,1978-07-31,British,Justin Wilson
52,1975-05-20,Irish,Ralph Firman
53,1978-03-03,Danish,Nicolas Kiesa
54,1975-03-05,Brazilian,Luciano Burti
55,1964-06-11,French,Jean Alesi
56,1965-11-10,British,Eddie Irvine
57,1968-09-28,Finnish,Mika Häkkinen
58,1976-01-19,Brazilian,Tarso Marques
59,1978-10-19,Brazilian,Enrique Bernoldi
60,1975-05-08,Argentine,Gastón Mazzacane
61,1976-09-11,Czech,Tomáš Enge
62,1976-07-20,Malaysian,Alex Yoong
63,1966-11-30,Finnish,Mika Salo
64,1970-05-22,Brazilian,Pedro Diniz
65,1964-06-25,British,Johnny Herbert
66,1969-12-29,British,Allan McNish
67,1988-10-31,Swiss,Sébastien Buemi
68,1974-02-12,Japanese,Toranosuke Takagi
69,1971-01-25,Italian,Luca Badoer
70,1966-10-23,Italian,Alessandro Zanardi
71,1960-09-17,British,Damon Hill
72,1975-11-02,French,Stéphane Sarrazin
73,1968-07-27,Brazilian,Ricardo Rosset
74,1978-04-22,Argentine,Esteban Tuero
75,1971-04-01,Japanese,Shinji Nakano
76,1973-07-04,Danish,Jan Magnussen
77,1959-08-27,Austrian,Gerhard Berger
78,1964-03-19,Italian,Nicola Larini
79,1963-05-29,Japanese,Ukyo Katayama
80,1966-10-07,Italian,Vincenzo Sospiri
81,1968-01-13,Italian,Gianni Morbidelli
82,1975-01-20,Argentine,Norberto Fontana
83,1972-03-20,Portuguese,Pedro Lamy
84,1959-06-01,British,Martin Brundle
85,1964-05-30,Italian,Andrea Montermini
86,1958-02-18,Italian,Giovanni Lavaggi
87,1966-04-08,British,Mark Blundell
88,1960-09-08,Japanese,Aguri Suzuki
89,1963-09-05,Japanese,Taki Inoue
90,1959-02-11,Brazilian,Roberto Moreno
91,1968-12-20,Austrian,Karl Wendlinger
92,1962-12-23,Belgian,Bertrand Gachot
93,1967-11-17,Italian,Domenico Schiattarella
94,1961-04-23,Italian,Pierluigi Martini
95,1953-08-08,British,Nigel Mansell
96,1969-12-27,French,Jean-Christophe Boullion
97,1969-10-03,Italian,Massimiliano Papis
98,1963-10-01,Swiss,Jean-Denis Délétraz
99,1962-03-02,Italian,Gabriele Tarquini
100,1963-09-28,French,Érik Comas
101,1965-09-05,Australian,David Brabham
102,1960-03-21,Brazilian,Ayrton Senna
103,1964-08-24,French,Éric Bernard
104,1971-01-18,Brazilian,Christian Fittipaldi
105,1956-12-23,Italian,Michele Alboreto
106,1969-11-23,Monegasque,Olivier Beretta
107,1960-07-04,Austrian,Roland Ratzenberger
108,1963-04-23,French,Paul Belmondo
109,1966-01-31,Finnish,Jyrki Järvilehto
110,1959-05-31,Italian,Andrea de Cesaris
111,1963-01-01,French,Jean-Marc Gounon
112,1954-07-27,French,Philippe Alliot
113,1969-11-19,Belgian,Philippe Adams
114,1961-07-28,French,Yannick Dalmas
115,1969-03-07,Japanese,Hideki Noda
116,1968-09-01,French,Franck Lagorce
117,1955-02-24,French,Alain Prost
118,1954-08-27,British,Derek Warwick
119,1954-04-17,Italian,Riccardo Patrese
120,1963-04-02,Italian,Fabrizio Barbazza
121,1962-10-05,American,Michael Andretti
122,1963-05-24,Italian,Ivan Capelli
123,1957-07-13,Belgian,Thierry Boutsen
124,1965-10-07,Italian,Marco Apicella
125,1968-02-24,Italian,Emanuele Naspetti
126,1955-03-10,Japanese,Toshio Suzuki
127,1963-04-20,Brazilian,Maurício Gugelmin
128,1961-09-30,Belgian,Eric van de Poele
129,1958-09-02,French,Olivier Grouillard
130,1964-05-06,Swiss,Andrea Chiesa
131,1963-05-12,Italian,Stefano Modena
132,1959-07-20,Italian,Giovanna Amati
133,1964-03-18,Italian,Alex Caffi
134,1964-09-19,Italian,Enrico Bertaggia
135,1961-03-03,British,Perry McCarthy
136,1956-06-02,Dutch,Jan Lammers
137,1952-08-17,Brazilian,Nelson Piquet
138,1953-02-23,Japanese,Satoru Nakajima
139,1962-01-12,Italian,Emanuele Pirro
140,1956-09-08,Swedish,Stefan Johansson
141,1961-10-09,British,Julian Bailey
142,1965-02-27,Portuguese,Pedro Chaves
143,1968-03-08,German,Michael Bartels
144,1966-06-13,Japanese,Naoki Hattori
145,1959-07-07,Italian,Alessandro Nannini
146,1964-07-20,German,Bernd Schneider
147,1961-04-20,Italian,Paolo Barilla
148,1965-03-27,Swiss,Gregor Foitek
149,1960-07-20,Italian,Claudio Langes
150,1961-03-29,Australian,Gary Brabham
151,1964-03-26,British,Martin Donnelly
152,1952-09-10,Italian,Bruno Giacomelli
153,1990-03-23,Spanish,Jaime Alguersuari
154,1986-04-17,French,Romain Grosjean
155,1986-09-13,Japanese,Kamui Kobayashi
156,1956-11-07,British,Jonathan Palmer
157,1958-04-04,German,Christian Danner
158,1958-01-10,American,Eddie Cheever
159,1959-05-15,Spanish,Luis Pérez-Sala
160,1952-01-16,Italian,Piercarlo Ghinzani
161,1962-03-18,German,Volker Weidler
162,1961-05-27,French,Pierre-Henri Raphanel
163,1948-07-04,French,René Arnoux
164,1960-10-24,German,Joachim Winkelhock
165,1954-08-19,Argentine,Oscar Larrauri
166,1955-06-26,French,Philippe Streiff
167,1960-06-17,Spanish,Adrián Campos
168,1948-09-12,French,Jean-Louis Schlesser
169,1960-01-09,French,Pascal Fabre
170,1955-03-09,Italian,Teo Fabi
171,1958-09-22,Swiss,Franco Forini
172,1943-11-21,French,Jacques Laffite
173,1958-03-26,Italian,Elio de Angelis
174,1958-04-26,British,Johnny Dumfries
175,1949-06-25,French,Patrick Tambay
176,1951-09-18,Swiss,Marc Surer
177,1948-12-06,Finnish,Keke Rosberg
178,1946-11-02,Australian,Alan Jones
179,1954-10-08,Dutch,Huub Rothengatter
180,1961-08-01,Canadian,Allen Berg
181,1951-10-06,German,Manfred Winkelhock
182,1949-02-22,Austrian,Niki Lauda
183,1956-12-30,French,François Hesnault
184,1954-01-31,Italian,Mauro Baldi
185,1957-11-20,German,Stefan Bellof
186,1957-11-27,British,Kenny Acheson
187,1946-05-04,British,John Watson
188,1956-01-25,Venezuelan,Johnny Cecotto
189,1954-01-24,Austrian,Jo Gartner
190,1961-04-12,Italian,Corrado Fabi
191,1961-03-30,New Zealander,Mike Thackwell
192,1957-02-03,Brazilian,Chico Serra
193,1950-03-09,American,Danny Sullivan
194,1954-11-14,Chilean,Eliseo Salazar
195,1958-11-16,Colombian,Roberto Guerrero
196,1957-12-04,Brazilian,Raul Boesel
197,1946-07-10,French,Jean-Pierre Jarier
198,1953-11-04,Canadian,Jacques Villeneuve Sr.
199,1942-04-12,Argentine,Carlos Reutemann
200,1946-09-30,German,Jochen Mass
201,1946-11-25,Swedish,Slim Borgudd
202,1952-03-26,French,Didier Pironi
203,1950-01-18,Canadian,Gilles Villeneuve
204,1958-06-15,Italian,Riccardo Paletti
205,1946-09-19,British,Brian Henton
206,1953-03-11,Irish,Derek Daly
207,1940-02-28,American,Mario Andretti
208,1946-07-26,Spanish,Emilio de Villota
209,1951-05-01,British,Geoff Lees
210,1958-05-06,Irish,Tommy Byrne
211,1955-02-26,British,Rupert Keegan
212,1956-02-05,Mexican,Hector Rebaque
213,1957-01-02,Italian,Beppe Gabbiani
214,1956-03-31,American,Kevin Cogan
215,1953-08-31,Argentine,Miguel Ángel Guerra
216,1952-10-10,Italian,Siegfried Stohr
217,1949-04-13,Argentine,Ricardo Zunino
218,1949-08-08,Colombian,Ricardo Londoño
219,1942-10-01,French,Jean-Pierre Jabouille
220,1947-11-08,Italian,Giorgio Francia
221,1944-08-09,French,Patrick Depailler
222,1950-01-29,South African,Jody Scheckter
223,1939-09-05,Swiss,Clay Regazzoni
224,1946-12-12,Brazilian,Emerson Fittipaldi
225,1953-01-15,Irish,Dave Kennedy
226,1952-02-19,British,Stephen South
227,1951-10-29,British,Tiff Needell
228,1953-11-26,South African,Desiré Wilson
229,1948-08-31,Austrian,Harald Ertl
230,1937-11-11,Italian,Vittorio Brambilla
231,1947-08-29,British,James Hunt
232,1943-03-11,Italian,Arturo Merzario
233,1951-01-01,German,Hans-Joachim Stuck
234,1950-01-18,Italian,Gianfranco Brancatelli
235,1945-01-01,Belgian,Jacky Ickx
236,1952-02-12,French,Patrick Gaillard
237,1948-11-07,Brazilian,Alex Ribeiro
238,1944-02-14,Swedish,Ronnie Peterson
239,1945-11-14,American,Brett Lunger
240,1942-05-21,American,Danny Ongais
241,1953-05-24,Italian,Lamberto Leoni
242,1944-08-13,British,Divina Galica
243,1943-07-11,German,Rolf Stommelen
244,1946-02-23,Italian,Alberto Colombo
245,1943-01-24,British,Tony Trimmer
246,1948-06-12,Austrian,Hans Binder
247,1949-10-02,Dutch,Michael Bleekemolen
248,1938-01-01,Italian,Carlo Franchi
249,1953-01-10,American,Bobby Rahal
250,1944-10-06,Brazilian,Carlos Pace
251,1947-08-22,South African,Ian Scheckter
252,1949-06-11,British,Tom Pryce
253,1953-02-28,Brazilian,Ingo Hoffmann
254,1946-12-12,Italian,Renzo Zorzi
255,1948-11-20,Swedish,Gunnar Nilsson
256,1950-03-18,Australian,Larry Perkins
257,1949-05-03,Dutch,Boy Lunger
258,1949-10-13,Belgian,Patrick Nève
259,1945-01-26,British,David Purley
260,1939-12-28,Swedish,Conny Andersson
261,1952-09-19,Belgian,Bernard de Dryver
262,1942-08-14,British,Jackie Oliver
263,1948-05-17,Finnish,Mikko Kozarowitzky
264,1947-05-09,British,Andy Sutcliffe
265,1942-12-30,British,Guy Edwards
266,1945-12-13,Australian,Brian McGuire
267,1943-03-19,Australian,Vern Schuppan
268,1943-03-16,German,Hans Heyer
269,1942-07-26,Belgian,Teddy Pilette
270,1947-10-26,British,Ian Ashley
271,1950-04-01,Swiss,Loris Kessel
272,1940-01-29,Japanese,Kunimitsu Takahashi
273,1947-07-01,Japanese,Kazuyoshi Hoshino
274,1951-06-06,Japanese,Noritake Takahara
275,1941-03-26,Italian,Lella Lombardi
276,1947-06-11,British,Bob Evans
277,1946-03-18,French,Michel Leclère
278,1943-07-20,New Zealander,Chris Amon
279,1944-05-27,Spanish,Emilio Zapico
280,1942-09-25,French,Henri Pescarolo
281,1944-04-19,Danish,Jac Nelleman
282,1945-11-17,British,Damien Magee
283,1946-01-07,British,Mike Wilds
284,1942-08-31,Italian,Alessandro Pesenti-Rossi
285,1947-03-03,Austrian,Otto Stuppacher
286,1949-12-24,Australian,Warwick Brown
287,1945-11-13,Japanese,Masahiro Hasemi
288,1937-03-18,American,Mark Donohue
289,1929-02-15,British,Graham Hill
290,1943-12-25,Brazilian,Wilson Fittipaldi
291,1948-12-01,South African,Guy Tunmer
292,1944-09-12,South African,Eddie Keizan
293,1936-10-27,South African,Dave Charlton
294,1952-03-28,British,Tony Brise
295,1948-12-12,Dutch,Roelof Wunderink
296,1944-12-04,French,François Migault
297,1947-07-23,Swedish,Torsten Palm
298,1942-03-16,Dutch,Gijs van Lennep
299,1946-03-10,Japanese,Hiroshi Fushida
300,1941-10-06,New Zealander,John Nicholson
301,1944-08-07,British,Dave Morgan
302,1948-02-13,British,Jim Crawford
303,1942-05-31,Swiss,Jo Vonlanthen
304,1936-06-18,New Zealander,Denny Hulme
305,1940-04-02,British,Mike Hailwood
306,1937-04-26,French,Jean-Pierre Beltoise
307,1941-12-24,New Zealander,Howden Ganley
308,1944-09-22,British,Richard Robarts
309,1939-02-27,American,Peter Revson
310,1934-05-13,South African,Paddy Driver
311,1942-08-27,Danish,Tom Belsø
312,1937-03-09,British,Brian Redman
313,1947-10-14,Liechtensteiner,Rikky von Opel
314,1943-09-26,Australian,Tim Schenken
315,1940-05-23,French,Gérard Larrousse
316,1943-08-05,Finnish,Leo Kinnunen
317,1941-09-30,Swedish,Reine Wisell
318,1943-10-12,Swedish,Bertil Roos
319,1944-04-26,French,José Dolhem
320,1940-02-21,British,Peter Gethin
321,1941-10-31,British,Derek Bell
322,1939-06-09,British,David Hobbs
323,1939-05-30,Austrian,Dieter Quester
324,1948-11-03,Austrian,Helmuth Koinigg
325,1935-06-26,Italian,Carlo Facetti
326,1938-05-28,Canadian,Eppie Wietzes
327,1944-02-25,French,François Cevert
328,1939-06-11,British,Jackie Stewart
329,1940-04-13,British,Mike Beuttler
330,1940-10-02,Italian,Nanni Galli
331,1937-01-16,Brazilian,Luiz Bueno
332,1934-01-27,American,George Follmer
333,1941-10-03,Italian,Andrea de Adamich
334,1934-11-22,South African,Jackie Pretorius
335,1948-02-02,British,Roger Williamson
336,1940-03-05,New Zealander,Graham McRae
337,1943-04-27,Austrian,Helmut Marko
338,1941-06-10,Australian,David Walker
339,1932-10-29,Spanish,Alex Soler-Roig
340,1924-12-07,Rhodesian,John Love
341,1934-02-11,British,John Surtees
342,1936-11-16,American,Skip Barber
343,1935-12-26,Canadian,Bill Brack
344,1944-05-26,American,Sam Posey
345,1940-01-18,Mexican,Pedro Rodríguez
346,1936-07-07,Swiss,Jo Siffert
347,1930-01-31,Swedish,Jo Bonnier
348,1943-02-24,French,François Mazet
349,1943-07-27,French,Max Jean
350,1935-06-10,British,Vic Elford
351,1941-04-24,Swiss,Silvio Moser
352,1945-11-12,Canadian,George Eaton
353,1926-04-11,American,Pete Lovely
354,1939-11-17,British,Chris Craft
355,1933-06-21,Canadian,John Cannon
356,1926-04-02,Australian,Jack Brabham
357,1943-06-14,British,John Miles
358,1942-04-18,Austrian,Jochen Rindt
359,1942-01-18,French,Johnny Servoz-Gavin
360,1937-08-30,New Zealander,Bruce McLaren
361,1942-05-27,British,Piers Courage
362,1935-03-16,South African,Peter de Klerk
363,1941-08-30,Italian,Ignazio Giunti
364,1931-04-13,American,Dan Gurney
365,1935-03-28,German,Hubert Hahne
366,1937-04-26,American,Gus Hutchison
367,1938-05-26,British,Peter Westbury
368,1921-08-24,Rhodesian,Sam Tingle
369,1939-04-19,South African,Basil van Rooyen
370,1940-04-04,British,Richard Attwood
371,1921-10-15,Canadian,Al Pease
372,1935-07-23,Canadian,John Cordts
373,1936-03-04,British,Jim Clark
374,1936-12-30,British,Mike Spence
375,1933-10-18,Italian,Ludovico Scarfiotti
376,1934-11-10,Belgian,Lucien Bianchi
377,1928-05-18,French,Jo Schlesser
378,1942-05-27,British,Robin Widdows
379,1940-04-19,German,Kurt Ahrens
380,1930-10-01,Australian,Frank Gardner
381,1934-02-20,American,Bobby Unser
382,1935-12-26,Mexican,Moisés Solana
383,1931-05-19,British,Bob Anderson
384,1930-01-16,South African,Luki Botha
385,1935-12-21,Italian,Lorenzo Bandini
386,1930-08-05,American,Richie Ginther
387,1931-09-24,British,Mike Parkes
388,1942-06-27,British,Chris Irwin
389,1930-07-12,French,Guy Ligier
390,1938-01-12,British,Alan Rees
391,1936-09-07,British,Brian Hart
392,1943-03-13,American,Mike Fisher
393,1943-04-26,American,Tom Jones
394,1934-12-25,Italian,Giancarlo Baghetti
395,1942-10-26,British,Jonathan Williams
396,1933-04-27,American,Bob Bondurant
397,1933-11-08,British,Peter Arundell
398,1931-04-14,British,Vic Wilson
399,1933-03-23,British,John Taylor
400,1933-07-27,British,Chris Lawrence
401,1936-12-26,British,Trevor Taylor
402,1937-10-23,Italian,Giacomo Russo
403,1927-04-20,American,Phil Hill
404,1930-06-12,British,Innes Ireland
405,1936-04-05,American,Ronnie Bucknum
406,1937-10-12,Australian,Paul Hawkins
407,1937-10-09,British,David Prophet
408,1937-02-09,South African,Tony Maggs
409,1935-11-30,South African,Trevor Blokdyk
410,1938-09-25,South African,Neville Lederle
411,1920-12-09,South African,Doug Serrurier
412,1939-01-07,South African,Brausch Niemann
413,1938-07-04,South African,Ernie Pieterse
414,1941-07-11,Rhodesian,Clive Puzey
415,1932-04-30,South African,Ray Reed
416,1931-05-18,South African,David Clapham
417,1932-11-30,South African,Alex Blignaut
418,1932-02-29,American,Masten Gregory
419,1927-08-18,British,John Rhodes
420,1921-09-22,British,Ian Raby
421,1943-05-15,British,Alan Rollinson
422,1934-04-17,British,Brian Gubby
423,1935-08-30,German,Gerhard Mitter
424,1927-10-04,Italian,Roberto Bussinello
425,1933-03-04,Italian,Nino Vaccarella
426,1934-01-20,Italian,Giorgio Bassi
427,1917-10-30,French,Maurice Trintignant
428,1930-10-07,French,Bernard Collomb
429,1918-10-06,Belgian,André Pilette
430,1934-04-10,Dutch,Carel Godin de Beaufort
431,1917-01-26,German,Edgar Barth
432,1934-01-15,Portuguese,Mário de Araújo Cabral
433,1919-10-28,American,Walt Hansgen
434,1928-01-01,American,Hap Sharp
435,1928-10-01,Belgian,Willy Mairesse
436,1930-01-21,British,John Campbell-Jones
437,1930-07-06,British,Ian Burgess
438,1926-07-10,American,Tony Settember
439,1932-11-18,Argentine,Nasif Estéfano
440,1935-07-23,American,Jim Hall
441,1932-06-25,British,Tim Parnell
442,1910-04-30,German,Kurt Kuhnke
443,1934-01-31,Italian,Ernesto Brambilla
444,1926-10-17,Italian,Roberto Lippi
445,1937-10-18,German,Günther Seiffert
446,1932-07-10,Italian,Carlo Abate
447,1932-12-03,Italian,Gaetano Starrabba
448,1926-05-15,Canadian,Peter Broeker
449,1921-01-10,American,Rodger Ward
450,1941-07-01,Dutch,Ernie de Vos
451,1920-10-08,American,Frank Dochnal
452,1945-09-03,American,Thomas Monarch
842,1996-02-07,French,Pierre Gasly
453,1936-11-01,British,Jackie Lewis
454,1942-02-14,Mexican,Ricardo Rodríguez
455,1926-07-04,German,Wolfgang Seidel
456,1922-05-12,British,Roy Salvadori
457,1936-12-09,Dutch,Ben Pon
458,1929-06-13,Dutch,Rob Slotemaker
459,1931-07-20,British,Tony Marsh
460,1936-07-25,British,Gerry Ashmore
461,1930-01-25,Swiss,Heinz Schiller
462,1933-07-29,British,Colin Davis
463,1925-12-29,American,Jay Chamberlain
464,1937-02-02,New Zealander,Tony Shelly
465,1938-01-05,British,Keith Greene
466,1927-07-28,Swiss,Heini Walter
467,1923-04-15,Italian,Ernesto Prinoth
468,1937-02-20,American,Roger Penske
469,1926-05-11,British,Rob Schroeder
470,1938-02-22,American,Timmy Mayer
471,1937-01-30,South African,Bruce Johnstone
472,1939-05-25,South African,Mike Harris
473,1937-09-30,Rhodesian,Gary Hocking
474,1920-06-01,South African,Syd van der Vyver
475,1929-09-17,British,Stirling Moss
476,1928-05-04,German,Wolfgang von Trips
477,1932-02-08,British,Cliff Allison
478,1928-02-23,German,Hans Herrmann
479,1932-02-25,British,Tony Brooks
480,1934-08-18,Swiss,Michael May
481,1932-12-16,British,Henry Taylor
482,1924-01-12,Belgian,Olivier Gendebien
483,1921-10-02,Italian,Giorgio Scarlatti
484,1923-03-24,British,Brian Naylor
485,1934-01-28,Argentine,Juan Manuel Bordeu
486,1913-03-15,British,Jack Fairman
487,1935-07-28,Italian,Massimo Natili
488,1934-06-07,Swiss,Peter Monteverdi
489,1933-03-26,Italian,Renato Pirocchi
490,1923-03-29,British,Geoff Duke
491,1920-04-05,American-Italian,Alfonso Thiele
492,1930-01-04,Italian,Menato Boffa
493,1940-06-10,Canadian,Peter Ryan
494,1928-01-12,American,Lloyd Ruby
495,1918-11-01,British,Ken Miles
496,1914-08-10,Argentine,Carlos Menditeguy
497,1934-01-14,Argentine,Alberto Rodriguez Larreta
498,1922-10-05,Argentine,José Froilán González
499,1919-09-30,Argentine,Roberto Bonomi
500,1928-04-02,Italian,Gino Munaron
501,1921-06-29,American,Harry Schell
502,1933-08-29,British,Alan Stacey
503,1921-06-04,Venezuelan,Ettore Chimeri
504,1924-10-28,Spanish,Antonio Creus
505,1937-12-02,British,Chris Bristow
506,1931-05-18,British,Bruce Halford
507,1923-11-29,American,Chuck Daigh
508,1936-02-24,American,Lance Reventlow
509,1928-07-16,American,Jim Rathmann
510,1925-10-02,American,Paul Goldsmith
511,1920-06-02,American,Don Branson
512,1922-04-09,American,Johnny Thomson
513,1919-02-10,American,Eddie Johnson
514,1926-11-01,American,Bob Veith
515,1928-04-04,American,Bud Tingelstad
516,1924-04-04,American,Bob Christie
517,1929-01-19,American,Red Amick
518,1913-05-05,American,Duane Carter
519,1918-08-31,American,Bill Homeier
520,1926-01-28,American,Gene Hartley
521,1919-10-15,American,Chuck Stevenson
522,1924-09-04,American,Bobby Grim
523,1919-08-12,American,Shorty Templeman
524,1932-12-05,American,Jim Hurtubise
525,1926-01-28,American,Jimmy Bryan
526,1930-03-11,American,Troy Ruttman
527,1927-05-28,American,Eddie Sachs
528,1925-03-25,American,Don Freeland
529,1916-09-12,American,Tony Bettenhausen
530,1934-12-09,American,Wayne Weiler
531,1935-01-16,American,Anthony Foyt
532,1925-11-19,American,Eddie Russo
533,1926-08-19,American,Johnny Boyd
534,1916-06-15,American,Gene Force
535,1927-07-04,American,Jim McWithey
536,1925-08-09,American,Len Sutton
537,1924-01-06,American,Dick Rathmann
538,1927-03-15,American,Al Herman
539,1927-03-11,American,Dempsey Wilson
540,1934-04-24,British,Mike Taylor
541,1923-06-16,British,Ron Flockhart
542,1930-12-02,British,David Piper
543,1923-02-19,Italian,Giulio Cabianca
544,1926-08-08,Italian,Piero Drogo
545,1932-03-17,American,Fred Gamble
546,1915-03-23,British,Arthur Owen
547,1918-09-20,British,Horace Gould
548,1919-12-14,American,Bob Drake
549,1923-06-06,British,Ivor Bueb
550,1922-02-05,Belgian,Alain de Changy
551,1926-11-11,Italian,Maria de Filippis
552,1923-01-07,French,Jean Lucienbonnet
553,1926-04-13,Monegasque,André Testut
554,1921-02-16,French,Jean Behra
555,1914-04-10,American,Paul Russo
556,1924-08-28,American,Jimmy Daywalt
557,1926-05-30,American,Chuck Arnold
558,1920-04-11,American,Al Keller
559,1926-01-06,American,Pat Flaherty
560,1927-06-12,American,Bill Cheesbourg
561,1915-10-26,American,Ray Crawford
562,1920-02-12,American,Jack Turner
563,1923-04-03,American,Chuck Weyant
564,1923-01-21,American,Jud Larson
565,1920-02-08,American,Mike Magill
566,1923-01-11,American,Carroll Shelby
567,1938-03-25,Brazilian,Fritz d'Orey
568,1922-12-26,Uruguayan,Azdrubal Fontes
569,1934-10-16,British,Peter Ashdown
570,1933-09-04,British,Bill Moss
571,1921-06-12,British,Dennis Taylor
572,1929-06-13,American,Harry Blanchard
573,1928-07-10,Argentine-Italian,Alessandro de Tomaso
574,1918-02-22,American,George Constantine
575,1932-05-05,American,Bob Said
576,1916-06-12,American,Phil Cade
577,1924-07-28,Italian,Luigi Musso
578,1929-04-10,British,Mike Hawthorn
579,1911-06-24,Argentine,Juan Fangio
580,1921-03-21,Spanish,Paco Godia
581,1931-11-06,British,Peter Collins
582,1923-12-12,Australian,Ken Kavanagh
583,1928-08-10,Italian,Gerino Gerini
584,1936-03-23,American,Bruce Kessler
585,1916-11-12,British,Paul Emery
586,1913-10-27,Italian,Luigi Piotti
587,1930-10-28,British,Bernie Ecclestone
588,1932-05-05,Italian,Luigi Taramazzo
589,1899-08-03,Monegasque,Louis Chiron
590,1930-04-20,British,Stuart Lewis-Evans
591,1924-10-24,American,George Amick
592,1929-11-17,American,Jimmy Reece
593,1918-07-04,American,Johnnie Parsons
594,1917-10-22,American,Johnnie Tolan
595,1933-04-24,American,Billy Garrett
596,1926-12-09,American,Ed Elisian
597,1928-10-09,American,Pat O'Connor
598,1932-11-15,American,Jerry Unser
599,1926-11-10,American,Art Bisch
600,1928-08-04,Belgian,Christian Goethals
601,1918-04-16,British,Dick Gibson
602,1917-02-26,French,Robert La Caze
603,1919-05-06,French,André Guelfi
604,1921-04-26,French,François Picard
605,1934-06-24,British,Tom Bridger
606,1928-10-11,Spanish,Alfonso de Portago
607,1932-10-21,Italian,Cesare Perdisa
608,1930-10-10,Italian,Eugenio Castellotti
609,1920-01-05,French,André Simon
610,1920-12-16,British,Les Leston
611,1914-07-13,American,Sam Hanks
612,1922-04-05,American,Andy Linden
613,1921-02-22,American,Marshall Teague
614,1930-09-23,American,Don Edmunds
615,1913-08-21,American,Fred Agabashian
616,1928-07-15,American,Elmer George
617,1932-09-13,British,Mike MacDowel
618,1927-06-23,American,Herbert MacKay-Fraser
619,1914-01-19,British,Bob Gerard
620,1928-06-05,Italian,Umberto Maglioli
621,1929-03-28,Australian,Paul England
622,1907-07-14,Brazilian,Chico Landi
623,1924-07-11,Uruguayan,Alberto Uria
624,1925-12-07,Brazilian,Hernando da Silva Ramos
625,1914-02-28,French,Élie Bayol
626,1917-04-12,French,Robert Manzon
627,1905-11-05,French,Louis Rosier
628,1926-05-20,American,Bob Sweikert
629,1916-02-06,American,Cliff Griffith
630,1913-04-10,American,Duke Dinsmore
631,1920-06-15,American,Keith Andrews
632,1917-01-30,Belgian,Paul Frère
633,1909-05-16,Italian,Luigi Villoresi
634,1909-11-11,Italian,Piero Scotti
635,1928-05-19,British,Colin Chapman
636,1928-05-01,British,Desmond Titterington
637,1927-05-13,British,Archie Scott Brown
638,1917-12-07,Swiss,Ottorino Volonterio
639,1928-12-09,Belgian,André Milhoux
640,1914-05-18,Swiss,Toulo de Graffenried
641,1906-10-12,Italian,Piero Taruffi
642,1906-10-30,Italian,Nino Farina
643,1924-12-03,Argentine,Roberto Mieres
644,1929-05-22,Italian,Sergio Mantovani
645,1920-09-04,Argentine,Clemar Bucci
646,1922-02-22,Argentine,Jesús Iglesias
647,1918-07-13,Italian,Alberto Ascari
648,1910-09-16,German,Karl Kling
649,1924-01-07,Argentine,Pablo Birger
650,1922-07-02,French,Jacques Pollet
651,1919-09-02,British,Lance Macklin
652,1928-11-01,British,Ted Whiteaway
653,1929-08-08,American,Jimmy Davies
654,1920-02-16,American,Walt Faulkner
655,1914-04-29,American,Cal Niday
656,1918-01-24,American,Art Cross
657,1918-12-13,American,Bill Vukovich
658,1919-10-08,American,Jack McGrath
659,1929-01-29,American,Jerry Hoyt
660,1916-08-11,Belgian,Johnny Claes
661,1912-10-07,British,Peter Walker
662,1930-06-16,French,Mike Sparken
663,1916-03-21,British,Ken Wharton
664,1920-09-21,British,Kenneth McAlpine
665,1922-08-14,British,Leslie Marr
666,1918-10-16,British,Tony Rolt
667,1917-08-04,American,John Fitch
668,1917-04-25,French,Jean Lucas
669,1914-07-15,Thai,Prince Bira
670,1923-12-19,Argentine,Onofre Marimón
671,1907-08-05,French,Roger Loyer
672,1923-06-05,Argentine,Jorge Daponte
673,1921-10-02,American,Mike Nazaruk
674,1926-10-23,American,Larry Crockett
675,1921-10-20,American,Manny Ayulo
676,1918-10-12,American,Frank Armi
677,1910-10-08,American,Travis Webb
678,1911-07-25,American,Len Duncan
679,1921-02-19,American,Ernie McCoy
680,1926-10-30,American,Jacques Swaters
681,1918-09-14,Belgian,Georges Berger
682,1928-07-26,British,Don Beauman
683,1916-06-23,British,Leslie Thorne
684,1909-04-01,British,Bill Whitehouse
685,1924-01-17,British,John Riseley-Prichard
686,1911-07-02,British,Reg Parnell
687,1914-11-12,British,Peter Whitehead
688,1920-07-18,British,Eric Brandon
689,1919-11-20,British,Alan Brown
690,1929-06-26,British,Rodney Nuckey
691,1909-04-06,German,Hermann Lang
692,1913-05-13,German,Theo Helfrich
693,1918-07-10,American,Fred Wacker
694,1925-03-10,Italian,Giovanni de Riu
695,1913-08-17,Argentine,Oscar Gálvez
696,1929-07-22,British,John Barber
697,1903-06-09,Italian,Felice Bonetto
698,1923-06-28,Argentine,Adolfo Cruz
699,1913-03-02,American,Duke Nalon
700,1914-07-03,American,Carl Scarborough
701,1907-12-18,American,Bill Holland
702,1928-10-04,American,Bob Scott
703,1898-11-01,Belgian,Arthur Legat
704,1904-10-08,French,Yves Cabantous
705,1920-02-16,British,Tony Crook
706,1931-03-06,British,Jimmy Stewart
707,1929-07-15,British,Ian Stewart
708,1920-04-30,British,Duncan Hamilton
709,1903-05-23,East German,Ernst Klodwig
710,1907-03-30,East German,Rudolf Krause
711,1917-03-06,German,Oswald Karch
712,1922-02-13,German,Willi Heeks
713,1923-02-10,East German,Theo Fitzau
714,1921-11-05,German,Kurt Adolff
715,1921-12-21,German,Günther Bechem
716,1912-07-17,German,Erwin Bauer
717,1900-12-27,German,Hans von Stuck
718,1907-07-04,German,Ernst Loof
719,1908-02-28,Swiss,Albert Scherrer
720,1918-10-06,Swiss,Max de Terra
721,1910-03-30,Swiss,Peter Hirt
722,1921-03-06,Italian,Piero Carini
723,1912-04-19,Swiss,Rudi Fischer
724,1906-01-25,German,Toni Ulmen
725,1913-03-21,British,George Abecassis
726,1906-08-16,American,George Connor
727,1923-06-06,American,Jim Rigsby
728,1925-05-23,American,Joe James
729,1909-03-06,American,Bill Schindler
730,1917-06-22,American,George Fonder
731,1913-06-14,American,Henry Banks
732,1915-01-29,American,Johnny McDowell
733,1902-07-19,American,Chet Miller
734,1925-08-26,American,Bobby Ball
735,1927-06-07,Belgian,Charles de Tornaco
736,1913-02-21,Belgian,Roger Laurent
737,1908-04-11,American,Robert O'Brien
738,1920-02-03,Australian,Tony Gaze
739,1915-06-23,British,Robin Montgomerie-Charrington
740,1906-07-24,Italian,Franco Comotti
741,1896-12-28,French,Philippe Étancelin
742,1916-08-19,British,Dennis Poore
743,1919-11-04,British,Eric Thompson
744,1917-12-05,British,Ken Downing
745,1922-04-15,British,Graham Whitehead
746,1916-07-22,Brazilian,Gino Bianco
747,1909-12-28,British,David Murray
748,1906-10-04,Uruguayan,Eitel Cantoni
749,1900-03-29,British,Bill Aston
750,1899-10-15,German,Adolf Brudes
751,1922-07-11,German,Fritz Riess
752,1915-11-29,German,Helmut Niedermayr
753,1919-10-28,German,Hans Klenk
754,1909-01-01,French,Marcel Balsa
755,1902-04-27,Swiss,Rudolf Schoeller
756,1911-06-20,German,Paul Pietsch
757,1914-09-16,German,Josef Peters
758,1919-08-23,Dutch,Dries van der Lof
759,1919-10-02,Dutch,Jan Flinterman
760,1899-10-13,Italian,Piero Dusio
761,1920-01-16,Argentine,Alberto Crespo
762,1908-06-05,Italian,Franco Rol
763,1911-03-28,Italian,Consalvo Sanesi
764,1910-08-10,French,Guy Mairesse
765,1910-01-25,French,Henri Louveau
766,1910-09-07,American,Lee Wallard
767,1911-03-04,American,Carl Forberg
768,1906-05-26,American,Mauri Rose
769,1927-12-15,American,Bill Mackey
770,1919-09-30,American,Cecil Green
771,1911-12-30,American,Walt Brown
772,1915-09-14,American,Mack Hellings
773,1905-12-22,French,Pierre Levegh
774,1907-04-12,French,Eugène Chaboud
775,1921-05-20,French,Aldo Gordini
776,1913-03-13,Irish,Joe Kelly
777,1907-09-22,British,Philip Fotheringham-Parker
778,1915-01-28,British,Brian Shawe Taylor
779,1914-05-10,British,John James
780,1916-09-15,Swiss,Toni Branca
781,1911-08-21,British,Ken Richardson
782,1903-11-23,Spanish,Juan Jover
783,1905-07-25,French,Georges Grignard
784,1917-12-29,British,David Hampshire
785,1921-05-11,British,Geoff Crossley
786,1898-06-09,Italian,Luigi Fagioli
787,1906-07-06,British,Cuth Harrison
788,1915-10-26,British,Joe Fry
789,1915-03-24,French,Eugène Martin
790,1912-03-22,British,Leslie Johnson
791,1898-08-18,Italian,Clemente Biondetti
792,1912-10-21,Argentine,Alfredo Pián
793,1906-08-31,French,Raymond Sommer
794,1912-04-14,American,Joie Chitwood
795,1912-06-17,American,Myron Fohr
796,1913-12-15,American,Walt Ader
797,1920-09-04,American,Jackie Holmes
798,1914-02-14,American,Bayliss Levrett
799,1910-07-25,American,Jimmy Jackson
800,1911-10-11,Italian,Nello Pagani
801,1909-08-27,French,Charles Pozzi
802,1909-07-22,Italian,Dorino Serafini
803,1908-01-31,American,Bill Cantrell
804,1918-09-18,American,Johnny Mantz
805,1917-02-10,American,Danny Kladis
806,1923-11-10,Uruguayan,Óscar González
807,1987-08-19,German,Nico Hülkenberg
808,1984-09-08,Russian,Vitaly Petrov
810,1984-08-11,Brazilian,Lucas di Grassi
811,1983-10-15,Brazilian,Bruno Senna
812,1984-01-19,Indian,Karun Chandhok
813,1985-03-09,Venezuelan,Pastor Maldonado
814,1986-04-16,British,Paul di Resta
815,1990-01-26,Mexican,Sergio Pérez
816,1985-12-27,Belgian,Jérôme d'Ambrosio
817,1989-07-01,Australian,Daniel Ricciardo
818,1990-04-25,French,Jean-Éric Vergne
819,1990-02-15,French,Charles Pic
820,1991-04-21,British,Max Chilton
821,1991-08-05,Mexican,Esteban Gutiérrez
822,1989-08-28,Finnish,Valtteri Bottas
823,1985-04-25,Dutch,Giedo van der Garde
824,1989-08-03,French,Jules Bianchi
825,1992-10-05,Danish,Kevin Magnussen
826,1994-04-26,Russian,Daniil Kvyat
827,1981-11-19,German,André Lotterer
828,1990-09-02,Swedish,Marcus Ericsson
829,1991-06-28,British,Will Stevens
830,1997-09-30,Dutch,Max Verstappen
831,1992-08-21,Brazilian,Felipe Nasr
832,1994-09-01,Spanish,Carlos Sainz
833,1991-03-22,Spanish,Roberto Merhi
834,1991-09-25,American,Alexander Rossi
835,1991-01-20,British,Jolyon Palmer
836,1994-10-18,German,Pascal Wehrlein
837,1993-01-22,Indonesian,Rio Haryanto
838,1992-03-26,Belgian,Stoffel Vandoorne
839,1996-09-17,French,Esteban Ocon
840,1998-10-29,Canadian,Lance Stroll
841,1993-12-14,Italian,Antonio Giovinazzi
843,1989-11-10,New Zealander,Brendon Hartley
844,1997-10-16,Monegasque,Charles Leclerc
845,1995-08-27,Russian,Sergey Sirotkin
846,1999-11-13,British,Lando Norris
847,1998-02-15,British,George Russell
848,1996-03-23,Thai,Alexander Albon
849,1995-06-29,Canadian,Nicholas Latifi
850,1996-06-25,Brazilian,Pietro Fittipaldi
851,1995-09-23,British,Jack Aitken
852,2000-05-11,Japanese,Yuki Tsunoda
853,1999-03-02,Russian,Nikita Mazepin
854,1999-03-22,German,Mick Schumacher
